text_input,category_label,strategic_blueprint
We need to establish a robust influencer outreach program for our upcoming product line.,influencer_marketing,"Framework: Creator-Led Growth. Guidelines: Focus on micro-influencer tiers,product integration, and audience trust. KPIs: CPA, Engagement Rate."
What are the key performance indicators for evaluating the success of an influencer marketing campaign?,influencer_marketing,"Framework: Creator-Led Growth. Guidelines: Focus on micro-influencer tiers,product integration, and audience trust. KPIs: CPA, Engagement Rate."
I'm looking for advice on drafting effective influencer contracts and agreements.,influencer_marketing,"Framework: Creator-Led Growth. Guidelines: Focus on micro-influencer tiers,product integration, and audience trust. KPIs: CPA, Engagement Rate."
Can you help me identify appropriate social media platforms for influencer collaborations in the gaming industry?,influencer_marketing,"Framework: Creator-Led Growth. Guidelines: Focus on micro-influencer tiers,product integration, and audience trust. KPIs: CPA, Engagement Rate."
"Hey, I'm trying to find some cool influencers for my small business, any tips on where to look?",influencer_marketing,"Framework: Creator-Led Growth. Guidelines: Focus on micro-influencer tiers,product integration, and audience trust. KPIs: CPA, Engagement Rate."
"Thinking about running a sponsored post on Instagram, what should I keep in mind?",influencer_marketing,"Framework: Creator-Led Growth. Guidelines: Focus on micro-influencer tiers,product integration, and audience trust. KPIs: CPA, Engagement Rate."
Is it better to work with macro or micro-influencers for a startup budget?,influencer_marketing,"Framework: Creator-Led Growth. Guidelines: Focus on micro-influencer tiers,product integration, and audience trust. KPIs: CPA, Engagement Rate."
How do I even start a conversation with a creator about working together?,influencer_marketing,"Framework: Creator-Led Growth. Guidelines: Focus on micro-influencer tiers,product integration, and audience trust. KPIs: CPA, Engagement Rate."
"Help! Our latest influencer campaign isn't performing at all, what should we do immediately?",influencer_marketing,"Framework: Creator-Led Growth. Guidelines: Focus on micro-influencer tiers,product integration, and audience trust. KPIs: CPA, Engagement Rate."
"URGENT! Need to find influencers for a last-minute event next month, where can I find them fast?",influencer_marketing,"Framework: Creator-Led Growth. Guidelines: Focus on micro-influencer tiers,product integration, and audience trust. KPIs: CPA, Engagement Rate."
"My brand's engagement is tanking, do I need to jump on the influencer bandwagon right now?",influencer_marketing,"Framework: Creator-Led Growth. Guidelines: Focus on micro-influencer tiers,product integration, and audience trust. KPIs: CPA, Engagement Rate."
"Oh my god, I just sent out a bunch of products for free and got zero posts back, what's my recourse?!",influencer_marketing,"Framework: Creator-Led Growth. Guidelines: Focus on micro-influencer tiers,product integration, and audience trust. KPIs: CPA, Engagement Rate."
"What's the best way to handle legal disclosures for sponsored content, I'm so confused by all the rules?",influencer_marketing,"Framework: Creator-Led Growth. Guidelines: Focus on micro-influencer tiers,product integration, and audience trust. KPIs: CPA, Engagement Rate."
"I'm totally lost on how to calculate ROI for influencer partnerships, can you walk me through it?",influencer_marketing,"Framework: Creator-Led Growth. Guidelines: Focus on micro-influencer tiers,product integration, and audience trust. KPIs: CPA, Engagement Rate."
"How do I build authentic relationships with creators instead of just transactional ones, I'm struggling with long-term engagement?",influencer_marketing,"Framework: Creator-Led Growth. Guidelines: Focus on micro-influencer tiers,product integration, and audience trust. KPIs: CPA, Engagement Rate."
What strategies can we implement to improve our organic reach on social media platforms?,organic_content_growth,"Framework: Algorithmic Retention Loops. Guidelines: Hook viewers in 3 seconds, syndicate across TikTok/Reels/Shorts. KPIs: View Duration, Follower Conversion."
I'm looking for methods to increase natural engagement and follower growth without relying on paid promotions.,organic_content_growth,"Framework: Algorithmic Retention Loops. Guidelines: Hook viewers in 3 seconds, syndicate across TikTok/Reels/Shorts. KPIs: View Duration, Follower Conversion."
Could you outline best practices for driving consistent organic traffic to our website and blog content?,organic_content_growth,"Framework: Algorithmic Retention Loops. Guidelines: Hook viewers in 3 seconds, syndicate across TikTok/Reels/Shorts. KPIs: View Duration, Follower Conversion."
How do I get more real followers on Instagram without buying them or using bots?,organic_content_growth,"Framework: Algorithmic Retention Loops. Guidelines: Hook viewers in 3 seconds, syndicate across TikTok/Reels/Shorts. KPIs: View Duration, Follower Conversion."
"Help! My posts aren't getting seen, what am I doing wrong to grow organically?",organic_content_growth,"Framework: Algorithmic Retention Loops. Guidelines: Hook viewers in 3 seconds, syndicate across TikTok/Reels/Shorts. KPIs: View Duration, Follower Conversion."
"Any tips for boosting my YouTube views and subscribers naturally, without ads?",organic_content_growth,"Framework: Algorithmic Retention Loops. Guidelines: Hook viewers in 3 seconds, syndicate across TikTok/Reels/Shorts. KPIs: View Duration, Follower Conversion."
"I want my content to go viral organically, what's the secret sauce for reaching a wider audience without spending money?",organic_content_growth,"Framework: Algorithmic Retention Loops. Guidelines: Hook viewers in 3 seconds, syndicate across TikTok/Reels/Shorts. KPIs: View Duration, Follower Conversion."
"OMG my engagement is DEAD! How do I fix my organic reach NOW, before it's too late?!",organic_content_growth,"Framework: Algorithmic Retention Loops. Guidelines: Hook viewers in 3 seconds, syndicate across TikTok/Reels/Shorts. KPIs: View Duration, Follower Conversion."
"My content isn't growing organically AT ALL, what's happening and what should I do immediately?",organic_content_growth,"Framework: Algorithmic Retention Loops. Guidelines: Hook viewers in 3 seconds, syndicate across TikTok/Reels/Shorts. KPIs: View Duration, Follower Conversion."
"I need to significantly boost my organic presence this quarter, it's critical for our KPIs! What are the fastest, legitimate ways?",organic_content_growth,"Framework: Algorithmic Retention Loops. Guidelines: Hook viewers in 3 seconds, syndicate across TikTok/Reels/Shorts. KPIs: View Duration, Follower Conversion."
What are the latest platform algorithms favoring for organic content distribution right now?,organic_content_growth,"Framework: Algorithmic Retention Loops. Guidelines: Hook viewers in 3 seconds, syndicate across TikTok/Reels/Shorts. KPIs: View Duration, Follower Conversion."
How can I make my content more discoverable through organic search and trending topics?,organic_content_growth,"Framework: Algorithmic Retention Loops. Guidelines: Hook viewers in 3 seconds, syndicate across TikTok/Reels/Shorts. KPIs: View Duration, Follower Conversion."
We need to develop a robust organic content strategy to significantly improve our brand's online visibility and audience acquisition.,organic_content_growth,"Framework: Algorithmic Retention Loops. Guidelines: Hook viewers in 3 seconds, syndicate across TikTok/Reels/Shorts. KPIs: View Duration, Follower Conversion."
What specific types of content perform best for organic growth on platforms like TikTok and Instagram Reels?,organic_content_growth,"Framework: Algorithmic Retention Loops. Guidelines: Hook viewers in 3 seconds, syndicate across TikTok/Reels/Shorts. KPIs: View Duration, Follower Conversion."
"Seriously, my organic numbers are TANKING! What's the emergency plan to stop the decline and reverse this trend?",organic_content_growth,"Framework: Algorithmic Retention Loops. Guidelines: Hook viewers in 3 seconds, syndicate across TikTok/Reels/Shorts. KPIs: View Duration, Follower Conversion."
Our Google Ads campaigns are underperforming; what's the quickest way to optimize them for better ROI?,paid_performance_marketing,"Framework: Creative Testing Funnels. Guidelines: Use UGC for ad creative, aggressive retargeting. KPIs: ROAS, CPC."
"I need a breakdown of our current Facebook ad spend and how to improve our conversion rates, ASAP!",paid_performance_marketing,"Framework: Creative Testing Funnels. Guidelines: Use UGC for ad creative, aggressive retargeting. KPIs: ROAS, CPC."
"My TikTok ads aren't getting any traction, what gives? I'm wasting money!",paid_performance_marketing,"Framework: Creative Testing Funnels. Guidelines: Use UGC for ad creative, aggressive retargeting. KPIs: ROAS, CPC."
How can I maximize my budget for Instagram ads without completely overspending?,paid_performance_marketing,"Framework: Creative Testing Funnels. Guidelines: Use UGC for ad creative, aggressive retargeting. KPIs: ROAS, CPC."
HELP! Our ad campaigns are burning through cash and we're seeing zero leads. What do I do?!,paid_performance_marketing,"Framework: Creative Testing Funnels. Guidelines: Use UGC for ad creative, aggressive retargeting. KPIs: ROAS, CPC."
The ROAS on our paid search is terrible this quarter. Please provide some urgent improvement strategies.,paid_performance_marketing,"Framework: Creative Testing Funnels. Guidelines: Use UGC for ad creative, aggressive retargeting. KPIs: ROAS, CPC."
"I'm trying to scale our programmatic advertising, but I need to ensure our CPA stays low. Any advice?",paid_performance_marketing,"Framework: Creative Testing Funnels. Guidelines: Use UGC for ad creative, aggressive retargeting. KPIs: ROAS, CPC."
My boss is asking why our LinkedIn ad performance is so bad and I have no answers! Panic!,paid_performance_marketing,"Framework: Creative Testing Funnels. Guidelines: Use UGC for ad creative, aggressive retargeting. KPIs: ROAS, CPC."
What are some effective strategies for A/B testing ad creatives across various platforms?,paid_performance_marketing,"Framework: Creative Testing Funnels. Guidelines: Use UGC for ad creative, aggressive retargeting. KPIs: ROAS, CPC."
Just started running some YouTube ads; how do I track their effectiveness and make sure they're worth it?,paid_performance_marketing,"Framework: Creative Testing Funnels. Guidelines: Use UGC for ad creative, aggressive retargeting. KPIs: ROAS, CPC."
We desperately need to improve the performance of our display ads; they're just not converting.,paid_performance_marketing,"Framework: Creative Testing Funnels. Guidelines: Use UGC for ad creative, aggressive retargeting. KPIs: ROAS, CPC."
"Our ad budget is tight, how can we get more qualified leads from our paid social campaigns?",paid_performance_marketing,"Framework: Creative Testing Funnels. Guidelines: Use UGC for ad creative, aggressive retargeting. KPIs: ROAS, CPC."
Can you help me understand why our cost per click has suddenly skyrocketed on all campaigns?,paid_performance_marketing,"Framework: Creative Testing Funnels. Guidelines: Use UGC for ad creative, aggressive retargeting. KPIs: ROAS, CPC."
"OMG, our ad account just got suspended! We have critical campaigns running. What's the immediate fix?!",paid_performance_marketing,"Framework: Creative Testing Funnels. Guidelines: Use UGC for ad creative, aggressive retargeting. KPIs: ROAS, CPC."
I need a plan to leverage new ad formats on Pinterest to drive more traffic to our site.,paid_performance_marketing,"Framework: Creative Testing Funnels. Guidelines: Use UGC for ad creative, aggressive retargeting. KPIs: ROAS, CPC."
